CreditScore,Gender,Age,Tenure,Balance,NumOfProducts,HasCrCard,IsActiveMember,EstimatedSalary,Geography_Germany,Geography_Spain
-0.5777273490476696,0.0,0.6004335149628139,0.43305591383188263,-1.3256523179929374,-0.7316549916403318,1.0,0.0,-0.44052545635366863,0.0,0.0
0.29442759865053664,0.0,-1.497598046847774,-1.4064787428159515,0.43684597823115323,-0.7316549916403318,0.0,0.0,-0.6943192551210708,1.0,0.0
0.566976019806226,0.0,-1.9971293710883902,1.5367767078205832,-1.3256523179929374,1.000925787820231,1.0,1.0,-1.283524897132396,0.0,1.0
-1.2318435598213242,0.0,-0.5984416632146649,-0.3027579488272511,0.6511088847440243,-0.7316549916403318,0.0,0.0,-0.3998116682011596,1.0,0.0
-1.3844706756685103,0.0,0.20080845557032098,-0.6706648801568179,-1.3256523179929374,-0.7316549916403318,0.0,0.0,0.8008683022047569,0.0,0.0
-0.7303544648948557,0.0,-0.5984416632146649,1.1688697764910163,0.6476734752504545,1.000925787820231,1.0,1.0,-1.2414124886840348,1.0,0.0
-0.1852576225834768,0.0,2.0990274876846624,-0.3027579488272511,0.5385458986648516,-0.7316549916403318,0.0,0.0,-0.45871438071877135,0.0,0.0
-0.3814924858155732,0.0,1.0000585743553068,0.43305591383188263,-1.3256523179929374,-0.7316549916403318,1.0,0.0,-1.2881665730471916,0.0,0.0
-0.13074793835233892,0.0,-0.09891033897404873,1.5367767078205832,1.1844897591301362,-0.7316549916403318,1.0,1.0,0.43706203117492154,1.0,0.0
-0.8938835175882693,0.0,0.8002460446590604,-0.3027579488272511,1.1427230993734818,-0.7316549916403318,0.0,0.0,1.0718402133998968,0.0,0.0
-0.07623825412120103,0.0,-1.097972987455281,1.1688697764910163,-0.008608649160151352,1.000925787820231,1.0,0.0,1.2956292906319227,0.0,0.0
-0.2397673068146147,0.0,-1.497598046847774,-0.3027579488272511,0.3489798115901251,-0.7316549916403318,1.0,0.0,-0.756494548254789,1.0,0.0
-1.0138048228967727,0.0,-0.49853539836654165,0.8009628451614494,1.1936384340355697,1.000925787820231,1.0,1.0,-1.1841682876908857,0.0,0.0
0.1090946722646678,0.0,0.9001523095071836,-0.6706648801568179,-1.3256523179929374,-0.7316549916403318,1.0,0.0,1.4461429398957546,0.0,0.0
-0.03263050673629071,0.0,0.4006209852665674,1.1688697764910163,0.49052483727689344,-0.7316549916403318,1.0,1.0,1.0825016958346567,0.0,0.0
1.0248573673477843,0.0,-0.39862913351841844,-1.4064787428159515,-1.3256523179929374,-0.7316549916403318,1.0,0.0,-0.9694562681147164,0.0,1.0
1.3737193464270667,0.0,0.7003397798109371,-0.3027579488272511,1.5722155500175572,1.000925787820231,0.0,0.0,-0.8692046624503381,0.0,1.0
0.6105837671911364,0.0,0.6004335149628139,-0.6706648801568179,-0.2928871173944028,-0.7316549916403318,0.0,1.0,-1.2433197771714823,0.0,1.0
0.41434890395904,0.0,-1.497598046847774,0.43305591383188263,-1.3256523179929374,1.000925787820231,1.0,1.0,-1.1691447630939502,0.0,0.0
0.6214857040373639,0.0,0.10090219072219773,1.1688697764910163,0.22599684621669863,-0.7316549916403318,1.0,1.0,-0.42494390867398185,0.0,1.0
0.6323876408835916,0.0,-0.7982541929109114,-1.0385718114863849,-1.3256523179929374,1.000925787820231,0.0,0.0,0.5332135270333795,0.0,0.0
-0.010826633043835555,0.0,0.8002460446590604,0.06514898250231577,0.9980354963543336,-0.7316549916403318,0.0,0.0,-0.9063618255021965,1.0,0.0
0.6214857040373639,0.0,1.499589898595923,-0.6706648801568179,0.9452612068941898,-0.7316549916403318,1.0,1.0,-0.239839432103039,1.0,0.0
0.15270241964957812,0.0,0.5005272501146907,-1.0385718114863849,-1.3256523179929374,-0.7316549916403318,1.0,0.0,1.342305311605516,0.0,0.0
0.42525084080526754,0.0,-0.39862913351841844,0.8009628451614494,0.9218236750393185,1.000925787820231,1.0,1.0,0.2388109061495885,0.0,1.0
0.043683051187302334,0.0,0.20080845557032098,0.43305591383188263,0.012780973874089262,-0.7316549916403318,1.0,0.0,0.27693913386850705,0.0,0.0
-2.2675275602129443,0.0,0.0009959258740745041,-1.7743856741455184,0.4639489327036883,1.000925787820231,0.0,0.0,0.4109884702955499,0.0,0.0
-1.319059054591145,0.0,0.5005272501146907,-0.6706648801568179,-1.3256523179929374,1.000925787820231,1.0,1.0,-0.28525920365258894,0.0,1.0
-0.13074793835233892,0.0,-1.3976917819996508,1.5367767078205832,0.7718074319912834,-0.7316549916403318,1.0,0.0,-0.9279698282582611,0.0,0.0
0.4470547144977227,0.0,-0.19881660382217195,0.43305591383188263,-1.3256523179929374,1.000925787820231,1.0,0.0,1.0487623813243088,0.0,0.0
-0.31608086473820773,0.0,-0.49853539836654165,1.1688697764910163,-1.3256523179929374,1.000925787820231,1.0,1.0,0.7951253364717744,0.0,0.0
-1.5043919809770137,0.0,-1.097972987455281,0.06514898250231577,-1.3256523179929374,1.000925787820231,1.0,0.0,0.7613566851859952,0.0,0.0
-1.3408629282836,0.0,-0.6983479280627881,-0.6706648801568179,0.6707300359876621,-0.7316549916403318,1.0,1.0,-0.9282228589678487,1.0,0.0
-1.809646212671386,0.0,0.0009959258740745041,-1.4064787428159515,0.5992837992108367,-0.7316549916403318,0.0,0.0,1.094209025482936,1.0,0.0
0.33803534603544694,0.0,0.5005272501146907,-1.4064787428159515,-1.3256523179929374,-0.7316549916403318,1.0,1.0,1.3423178463935195,0.0,0.0
-1.6352152231317447,0.0,-1.9971293710883902,-0.6706648801568179,1.5456381784901214,-0.7316549916403318,1.0,1.0,0.9338443832431612,0.0,0.0
-0.6104331595863524,0.0,0.8002460446590604,0.8009628451614494,-1.3256523179929374,-0.7316549916403318,0.0,1.0,0.1064071484061858,0.0,0.0
1.166582546348743,0.0,0.0009959258740745041,1.1688697764910163,0.9238292609753511,-0.7316549916403318,0.0,0.0,-0.8674874878255278,1.0,0.0
-0.13074793835233892,0.0,0.20080845557032098,0.43305591383188263,0.9021135985954806,-0.7316549916403318,0.0,0.0,0.2543280136796796,1.0,0.0
-0.30517892789198015,0.0,0.5005272501146907,0.43305591383188263,0.9692573445637739,-0.7316549916403318,0.0,0.0,-1.1400936747494244,1.0,0.0
-0.19615955942970437,0.0,0.7003397798109371,-1.4064787428159515,0.4050900347435018,-0.7316549916403318,1.0,1.0,0.8772113834901357,1.0,0.0
0.23991791441939872,0.0,1.1998711040515533,-1.0385718114863849,-1.3256523179929374,-0.7316549916403318,1.0,0.0,0.8594073532637033,0.0,0.0
-0.5886292858938972,0.0,-0.2987228686702952,1.5367767078205832,0.8603284101491246,2.733506567280793,1.0,1.0,-0.5056982582060091,0.0,0.0
1.6462677675827562,0.0,-0.09891033897404873,-0.6706648801568179,-0.0911056510554091,1.000925787820231,1.0,0.0,0.5626749213568454,0.0,0.0
-0.3705905489693456,0.0,1.0000585743553068,0.43305591383188263,0.0052819937431542565,-0.7316549916403318,1.0,1.0,1.198504078382105,0.0,1.0
0.22901597757317116,0.0,1.2997773688996765,-1.0385718114863849,0.2279537559286945,-0.7316549916403318,1.0,1.0,-0.6425040921550621,0.0,0.0
-0.4578060437391662,0.0,-1.7973168413921436,0.06514898250231577,0.3247921660035187,-0.7316549916403318,0.0,0.0,-0.515018552334448,0.0,0.0
0.3925450302665848,0.0,-1.097972987455281,-1.0385718114863849,-1.3256523179929374,1.000925787820231,1.0,1.0,0.7073871117071041,0.0,0.0
-0.05443438042874587,0.0,0.5005272501146907,1.1688697764910163,0.22804822568422092,-0.7316549916403318,0.0,0.0,0.1523982094201253,0.0,0.0
0.37074115657412965,0.0,-0.19881660382217195,-0.3027579488272511,0.14234698035119006,1.000925787820231,1.0,0.0,1.365354851005112,0.0,0.0
1.7116793886601218,0.0,-1.5975043116958971,0.8009628451614494,-1.3256523179929374,1.000925787820231,1.0,0.0,-1.4202157011760375,0.0,1.0
0.3598392197279021,0.0,0.7003397798109371,1.1688697764910163,1.0090107468417708,-0.7316549916403318,1.0,0.0,0.716920900106516,0.0,0.0
0.5778779566524537,0.0,1.09996483920343,-0.3027579488272511,0.9047417763603153,-0.7316549916403318,1.0,1.0,0.34642465647293486,0.0,0.0
-1.3735687388222828,0.0,0.0009959258740745041,-1.7743856741455184,0.6146051171695875,-0.7316549916403318,0.0,0.0,0.3840614818970331,1.0,0.0
-2.2893314339053994,0.0,-1.2977855171515276,0.8009628451614494,0.4795884325283224,1.000925787820231,1.0,0.0,0.6663328790765165,0.0,0.0
-0.40329635950802833,0.0,-0.49853539836654165,-1.0385718114863849,0.800448261515117,1.000925787820231,0.0,0.0,-0.39261037249793784,1.0,0.0
-1.1991377492826416,0.0,1.8992149579884159,-0.6706648801568179,0.6176541438777728,-0.7316549916403318,0.0,0.0,-0.9865376360095813,1.0,0.0
0.3598392197279021,0.0,-1.6974105765440204,1.5367767078205832,-0.3833131010096791,1.000925787820231,0.0,0.0,-0.8176619940946546,1.0,0.0
0.5124663355750881,0.0,-1.097972987455281,-0.3027579488272511,0.529226431521378,-0.7316549916403318,1.0,1.0,1.625444393489672,1.0,0.0
-0.7521583385873108,0.0,-0.2987228686702952,-1.4064787428159515,0.7600664617267164,-0.7316549916403318,1.0,0.0,0.44783095561243147,1.0,0.0
1.6135619570440736,0.0,1.5994961634440463,1.5367767078205832,0.32459755340783986,-0.7316549916403318,0.0,0.0,1.0691373948296596,0.0,0.0
0.41434890395904,0.0,-0.39862913351841844,0.06514898250231577,-1.3256523179929374,-0.7316549916403318,0.0,0.0,1.6297558832946129,0.0,0.0
-0.4469041068929387,0.0,1.499589898595923,1.90468363915015,0.7769308591142282,1.000925787820231,1.0,0.0,0.7352399536624771,0.0,0.0
-0.30517892789198015,0.0,1.3996836337477998,0.8009628451614494,-1.3256523179929374,-0.7316549916403318,0.0,1.0,0.1284412041351819,0.0,0.0
0.27262372495808146,0.0,-0.9980667226071578,0.43305591383188263,1.5285092271924434,1.000925787820231,1.0,0.0,0.26429252224458394,0.0,0.0
0.25081985126562634,0.0,1.5994961634440463,0.43305591383188263,-1.3256523179929374,1.000925787820231,0.0,0.0,0.21411949711795863,0.0,0.0
2.0060316835082665,0.0,-0.49853539836654165,0.8009628451614494,0.9987014939452309,-0.7316549916403318,1.0,0.0,-0.1771035396203602,0.0,0.0
2.1804626730479075,0.0,0.8002460446590604,1.5367767078205832,0.8367880585999704,-0.7316549916403318,1.0,0.0,1.2316495372746277,1.0,0.0
-2.2021159391355787,0.0,0.0009959258740745041,-0.6706648801568179,-1.3256523179929374,4.466087346741356,1.0,1.0,1.6910278332398752,0.0,0.0
0.697799261960957,0.0,-0.39862913351841844,-0.3027579488272511,-1.3256523179929374,-0.7316549916403318,0.0,0.0,-0.5529578978641829,0.0,0.0
-0.4578060437391662,0.0,-0.49853539836654165,-0.3027579488272511,0.27283709873123213,-0.7316549916403318,1.0,1.0,-0.9344095988451278,0.0,1.0
-1.3081571177449174,0.0,-0.9980667226071578,-1.0385718114863849,1.3421711345587999,1.000925787820231,1.0,1.0,-0.6810857142526738,0.0,0.0
0.6650934514222743,0.0,0.4006209852665674,1.5367767078205832,0.4349380319292411,-0.7316549916403318,1.0,1.0,1.5360758932534069,1.0,0.0
0.31623147234299176,0.0,-0.2987228686702952,-0.6706648801568179,-1.3256523179929374,1.000925787820231,1.0,0.0,-0.5843158919761439,0.0,0.0
0.31623147234299176,0.0,0.3007147204184442,-1.0385718114863849,0.2686537365480732,1.000925787820231,0.0,1.0,-1.1956342630735575,1.0,0.0
1.5481503359667081,0.0,-0.5984416632146649,0.8009628451614494,-0.47267718050193697,-0.7316549916403318,1.0,0.0,1.057779554695443,1.0,0.0
0.1090946722646678,0.0,0.3007147204184442,-0.3027579488272511,0.34206919212619125,1.000925787820231,1.0,0.0,-1.4601001931734459,1.0,0.0
-1.8750578337487513,0.0,-1.6974105765440204,-1.0385718114863849,0.2306947308785809,1.000925787820231,0.0,0.0,1.086418425427921,1.0,0.0
-1.2536474335137795,0.0,0.20080845557032098,-0.6706648801568179,1.0901912278190622,-0.7316549916403318,1.0,0.0,-0.44076304794483306,0.0,0.0
2.1913646098941353,0.0,-0.19881660382217195,0.43305591383188263,2.0255749214275434,1.000925787820231,0.0,1.0,-0.9976936915358847,0.0,1.0
-0.7085505912024005,0.0,0.10090219072219773,-0.6706648801568179,0.9107088182811085,-0.7316549916403318,1.0,0.0,-1.294965499930178,1.0,0.0
0.3598392197279021,0.0,-0.8981604577590346,0.43305591383188263,1.311645786543337,-0.7316549916403318,1.0,0.0,-1.5159774765007887,0.0,0.0
-0.6758447806637178,0.0,-0.19881660382217195,1.90468363915015,-1.3256523179929374,1.000925787820231,1.0,1.0,1.220402183205597,0.0,0.0
0.6432895777298191,0.0,0.20080845557032098,1.5367767078205832,0.6020793008530944,-0.7316549916403318,1.0,0.0,1.064626653928195,0.0,0.0
-0.6867467175099454,0.0,0.0009959258740745041,-0.6706648801568179,0.8563093670832873,-0.7316549916403318,0.0,0.0,-0.8852702023258403,0.0,0.0
0.17450629334203327,0.0,-0.5984416632146649,1.1688697764910163,0.47891026489828814,-0.7316549916403318,1.0,0.0,1.2009129098831994,0.0,0.0
-0.8938835175882693,0.0,-1.1978792523034043,0.06514898250231577,0.7849907894891226,-0.7316549916403318,1.0,0.0,0.15767563592528921,1.0,0.0
0.043683051187302334,0.0,-0.5984416632146649,1.5367767078205832,-1.3256523179929374,1.000925787820231,1.0,1.0,-0.9424090882634153,0.0,1.0
0.05458498803352991,0.0,-0.5984416632146649,-1.0385718114863849,0.15245380427049415,-0.7316549916403318,1.0,1.0,-0.23322083692814635,0.0,0.0
0.8940341251930534,0.0,0.10090219072219773,1.5367767078205832,0.31801568601650226,-0.7316549916403318,1.0,1.0,1.5986634563534858,0.0,1.0
0.23991791441939872,0.0,-1.097972987455281,-1.0385718114863849,-1.3256523179929374,-0.7316549916403318,0.0,1.0,0.03255525194595574,0.0,0.0
2.1913646098941353,0.0,0.20080845557032098,1.1688697764910163,0.17488636620011938,1.000925787820231,1.0,0.0,-0.7861125750626073,1.0,0.0
2.1913646098941353,0.0,0.3007147204184442,-0.6706648801568179,0.958119063449909,1.000925787820231,0.0,1.0,1.496304192653559,1.0,0.0
0.08729079857221264,0.0,-0.39862913351841844,-0.6706648801568179,1.6675272533734242,-0.7316549916403318,0.0,1.0,-1.1260854886654872,0.0,0.0
0.9812496199628741,0.0,-0.09891033897404873,0.06514898250231577,1.1002492694299595,2.733506567280793,1.0,1.0,-0.6977037146466329,1.0,0.0
-0.283375054199525,0.0,1.6994024282921694,0.8009628451614494,0.7188672968360239,-0.7316549916403318,1.0,0.0,0.7031964157428403,0.0,0.0
-0.2288653699683871,0.0,-0.39862913351841844,1.5367767078205832,-1.3256523179929374,1.000925787820231,1.0,1.0,-1.1381999414785617,0.0,0.0
0.5015643987288606,0.0,-0.9980667226071578,0.06514898250231577,0.4000915375173826,-0.7316549916403318,0.0,0.0,-0.011241652840340104,0.0,0.0
0.18540823018826083,0.0,0.20080845557032098,0.8009628451614494,0.9469908038502877,-0.7316549916403318,1.0,0.0,-1.529866666807731,1.0,0.0
0.6214857040373639,0.0,1.09996483920343,-0.6706648801568179,1.1643012641958745,-0.7316549916403318,1.0,0.0,0.45245893798303805,0.0,0.0
0.5342702092675433,0.0,1.0000585743553068,1.1688697764910163,0.46042377149236496,-0.7316549916403318,0.0,0.0,1.4592312730204342,0.0,0.0
0.38164309342035724,0.0,0.0009959258740745041,0.43305591383188263,0.8736963843168619,1.000925787820231,1.0,1.0,0.3785611920904072,0.0,0.0
-0.26157118050706984,0.0,-1.097972987455281,-1.0385718114863849,-0.7658733293398783,-0.7316549916403318,1.0,0.0,0.03388589684825043,0.0,1.0
-1.264549370360007,0.0,-0.09891033897404873,-1.4064787428159515,-1.3256523179929374,-0.7316549916403318,1.0,0.0,-0.8928230583352418,0.0,1.0
0.77411281988455,0.0,0.3007147204184442,-0.6706648801568179,0.07496587309522776,-0.7316549916403318,1.0,0.0,1.3894154011962896,0.0,0.0
2.1913646098941353,0.0,-2.097035635936513,0.8009628451614494,-1.3256523179929374,1.000925787820231,1.0,0.0,-1.1973041614859388,0.0,0.0
0.566976019806226,0.0,0.0009959258740745041,0.06514898250231577,0.37341468762527374,-0.7316549916403318,1.0,0.0,0.5931716441950742,0.0,0.0
0.7414070093458673,0.0,0.9001523095071836,1.5367767078205832,0.14334368195040867,-0.7316549916403318,1.0,1.0,0.42476519052951733,0.0,0.0
-1.624313286285517,0.0,0.4006209852665674,-1.0385718114863849,0.45008984864776763,-0.7316549916403318,1.0,1.0,0.45115459044818884,0.0,0.0
-1.3953726125147379,0.0,-0.39862913351841844,0.06514898250231577,0.39609085277450384,1.000925787820231,1.0,1.0,-0.2654798194129727,0.0,0.0
-1.9513713916723443,0.0,-0.19881660382217195,0.8009628451614494,0.8723099112190492,1.000925787820231,0.0,0.0,1.3701990660300263,0.0,0.0
0.8940341251930534,0.0,-0.6983479280627881,-0.6706648801568179,0.3396209783628972,-0.7316549916403318,1.0,0.0,-0.6195349886971877,1.0,0.0
0.5015643987288606,0.0,0.10090219072219773,-1.7743856741455184,-1.3256523179929374,1.000925787820231,0.0,1.0,0.7045252231593786,0.0,0.0
1.8643065045073077,0.0,-0.19881660382217195,1.5367767078205832,0.48545525760503483,-0.7316549916403318,1.0,0.0,-1.4496129688979662,1.0,0.0
-0.5123157279703041,0.0,-0.7982541929109114,-1.0385718114863849,-1.3256523179929374,-0.7316549916403318,0.0,0.0,-1.0079753659014203,0.0,0.0
0.07638886172598507,0.0,-1.497598046847774,-0.3027579488272511,0.9449578289546328,-0.7316549916403318,1.0,0.0,-1.1100613972659346,0.0,1.0
-0.4360021700467111,0.0,0.9001523095071836,-0.6706648801568179,0.5680717665509342,-0.7316549916403318,1.0,0.0,0.1782437974989769,0.0,0.0
2.0605413677394044,0.0,0.20080845557032098,1.5367767078205832,0.6769004016730682,1.000925787820231,1.0,0.0,0.7921334568726947,0.0,1.0
0.25081985126562634,0.0,0.5005272501146907,0.06514898250231577,-1.3256523179929374,-0.7316549916403318,0.0,0.0,1.1586580032749731,0.0,0.0
1.5699542096591632,0.0,-0.7982541929109114,-1.7743856741455184,-1.3256523179929374,-0.7316549916403318,0.0,0.0,1.3096332196429028,0.0,0.0
-0.010826633043835555,0.0,0.8002460446590604,1.90468363915015,-1.3256523179929374,1.000925787820231,1.0,1.0,1.0366478409634905,0.0,1.0
-0.26157118050706984,0.0,-0.19881660382217195,0.06514898250231577,-1.3256523179929374,-0.7316549916403318,1.0,0.0,-0.006667809951853856,0.0,0.0
0.6759953882685018,0.0,-1.1978792523034043,-0.6706648801568179,0.7919984132200519,1.000925787820231,1.0,0.0,-1.1882209498801595,0.0,0.0
0.207212103880716,0.0,-0.39862913351841844,0.8009628451614494,0.767015687237645,-0.7316549916403318,1.0,0.0,-0.13963457891599498,0.0,0.0
1.9515219992771284,0.0,1.6994024282921694,-1.4064787428159515,-1.3256523179929374,-0.7316549916403318,1.0,0.0,-0.8204877412756605,0.0,0.0
0.29442759865053664,0.0,-0.6983479280627881,1.1688697764910163,0.023023503114629584,-0.7316549916403318,1.0,0.0,-0.14540875361157005,0.0,0.0
0.22901597757317116,0.0,0.9001523095071836,1.1688697764910163,0.23567745019846045,-0.7316549916403318,0.0,0.0,-1.3609908970151905,0.0,0.0
0.3925450302665848,0.0,1.5994961634440463,0.8009628451614494,0.3314339377474356,-0.7316549916403318,0.0,1.0,0.23112353428241333,1.0,0.0
0.9485438094241913,0.0,-1.097972987455281,1.5367767078205832,-1.3256523179929374,1.000925787820231,1.0,0.0,-1.1470532357568792,0.0,0.0
1.2428961042723359,0.0,-0.39862913351841844,1.1688697764910163,-1.3256523179929374,1.000925787820231,1.0,1.0,-1.7248347845290837,0.0,1.0
-0.9483932018194072,0.0,1.1998711040515533,-1.4064787428159515,-1.3256523179929374,-0.7316549916403318,1.0,0.0,-1.3621327455303665,0.0,0.0
-2.3874488655214474,0.0,0.8002460446590604,-0.6706648801568179,0.9047881497202174,-0.7316549916403318,1.0,0.0,0.8051852188109894,1.0,0.0
2.0278355572007216,0.0,-2.097035635936513,-0.3027579488272511,0.6973892300907532,-0.7316549916403318,0.0,0.0,1.390507812625182,1.0,0.0
0.31623147234299176,0.0,-0.8981604577590346,-0.3027579488272511,0.9456319298562548,-0.7316549916403318,1.0,1.0,0.31369843802197606,1.0,0.0
-0.4360021700467111,0.0,1.6994024282921694,-1.4064787428159515,0.4132245934826926,-0.7316549916403318,0.0,0.0,-0.18972586395402824,1.0,0.0
0.16360435649580568,0.0,1.5994961634440463,0.43305591383188263,-1.3256523179929374,-0.7316549916403318,0.0,1.0,-0.6569965448029604,0.0,0.0
-1.5152939178232412,0.0,-1.097972987455281,-1.7743856741455184,-1.3256523179929374,1.000925787820231,1.0,1.0,0.5277657202448137,0.0,0.0
-0.26157118050706984,0.0,0.4006209852665674,-0.6706648801568179,-1.3256523179929374,-0.7316549916403318,1.0,1.0,1.4648253302616854,0.0,0.0
-0.6649428438174902,0.0,-0.8981604577590346,0.8009628451614494,0.49259149179882694,-0.7316549916403318,0.0,0.0,1.3482886711697628,1.0,0.0
-1.111922254512821,0.0,0.0009959258740745041,-0.6706648801568179,1.133763666283087,-0.7316549916403318,1.0,0.0,1.3053210967054054,1.0,0.0
0.4034469671128124,0.0,1.1998711040515533,-1.4064787428159515,1.0263122298868068,-0.7316549916403318,0.0,0.0,0.1540810843782362,1.0,0.0
0.25081985126562634,0.0,-0.39862913351841844,0.06514898250231577,1.1663671159718603,-0.7316549916403318,1.0,1.0,1.0875186571740743,0.0,0.0
2.038737494046949,0.0,1.5994961634440463,-0.3027579488272511,0.32132486426015433,-0.7316549916403318,1.0,0.0,-1.0955905084220818,0.0,1.0
-0.17435568573724922,0.0,0.3007147204184442,0.8009628451614494,-1.3256523179929374,1.000925787820231,1.0,0.0,-1.2238494463953387,0.0,0.0
-0.2288653699683871,0.0,0.4006209852665674,1.5367767078205832,-1.3256523179929374,1.000925787820231,1.0,1.0,-0.057731179751876256,0.0,0.0
-1.4825881072845586,0.0,-0.6983479280627881,0.8009628451614494,-0.3412579238141875,-0.7316549916403318,0.0,0.0,0.4238010323036985,1.0,0.0
0.27262372495808146,0.0,-0.49853539836654165,-1.0385718114863849,-1.3256523179929374,1.000925787820231,1.0,1.0,1.4355081773454712,0.0,1.0
-0.13074793835233892,0.0,0.8002460446590604,-1.0385718114863849,0.43450126529776084,-0.7316549916403318,1.0,0.0,1.1965656824104427,1.0,0.0
0.8177205672694604,0.0,0.3007147204184442,-0.6706648801568179,0.4578490020694765,-0.7316549916403318,1.0,0.0,-1.264910526345257,0.0,0.0
-1.5043919809770137,0.0,-0.7982541929109114,-0.6706648801568179,-1.3256523179929374,1.000925787820231,1.0,0.0,0.5604935741956201,0.0,0.0
-0.8720796438958142,0.0,-0.6983479280627881,1.5367767078205832,0.7425674551094581,-0.7316549916403318,1.0,0.0,-1.1741447932125695,0.0,0.0
-1.1228241913590484,0.0,-1.6974105765440204,1.1688697764910163,1.2172791396419196,-0.7316549916403318,1.0,1.0,0.4378763868789926,0.0,0.0
0.7087011988071846,0.0,0.10090219072219773,-1.0385718114863849,1.0079909283532433,-0.7316549916403318,0.0,0.0,-1.6097022559677707,1.0,0.0
0.5778779566524537,0.0,0.3007147204184442,-0.3027579488272511,0.24166840882223103,-0.7316549916403318,1.0,0.0,-0.042433582754996056,0.0,0.0
-0.6104331595863524,0.0,-1.1978792523034043,-1.0385718114863849,1.1512362835719414,-0.7316549916403318,1.0,0.0,-1.150109937096808,0.0,0.0
-1.4825881072845586,0.0,0.20080845557032098,0.06514898250231577,0.19013230968780262,-0.7316549916403318,1.0,0.0,1.233734123540187,0.0,0.0
0.1090946722646678,0.0,2.1989337525327857,-1.4064787428159515,0.8405194596241001,-0.7316549916403318,1.0,0.0,0.37762851849033985,0.0,0.0
-0.5232176648165318,0.0,0.9001523095071836,-1.0385718114863849,0.5552107113771648,-0.7316549916403318,1.0,0.0,1.488826057719312,0.0,0.0
-1.2209416229750967,0.0,-1.497598046847774,0.8009628451614494,0.40511069372383635,-0.7316549916403318,0.0,0.0,0.05871629860061762,0.0,0.0
2.1586587993554525,0.0,-0.39862913351841844,1.5367767078205832,0.5078268186084756,-0.7316549916403318,1.0,0.0,0.27653872338717017,0.0,1.0
0.6323876408835916,0.0,-0.09891033897404873,0.06514898250231577,-1.3256523179929374,1.000925787820231,1.0,0.0,-1.0276197864894583,0.0,0.0
-1.3517648651298275,0.0,1.0000585743553068,1.90468363915015,-1.3256523179929374,2.733506567280793,1.0,0.0,1.2314531604189727,0.0,0.0
0.5778779566524537,0.0,0.9001523095071836,-0.6706648801568179,-1.3256523179929374,1.000925787820231,0.0,0.0,-0.09097135137566646,0.0,0.0
-1.079216443974138,0.0,1.7993086931402926,0.43305591383188263,-1.3256523179929374,-0.7316549916403318,0.0,0.0,0.18156384457914734,0.0,0.0
0.11999660911089538,0.0,-1.7973168413921436,0.43305591383188263,1.3758018398445193,1.000925787820231,0.0,0.0,-0.16839457767359817,1.0,0.0
-0.19615955942970437,0.0,-0.9980667226071578,1.1688697764910163,0.9141019337991904,-0.7316549916403318,1.0,0.0,1.5620226632151284,0.0,0.0
-0.09804212781365618,0.0,0.3007147204184442,0.43305591383188263,0.5563943235764778,1.000925787820231,1.0,1.0,-0.27236484885961804,0.0,0.0
0.17450629334203327,0.0,0.7003397798109371,-0.6706648801568179,-1.3256523179929374,1.000925787820231,1.0,0.0,-0.39506293696358574,0.0,0.0
-1.2318435598213242,0.0,-0.7982541929109114,0.06514898250231577,-1.3256523179929374,1.000925787820231,1.0,0.0,1.2205133022099108,0.0,0.0
0.14180048280335053,0.0,-0.49853539836654165,0.06514898250231577,-0.32506569662140405,-0.7316549916403318,1.0,0.0,-1.4763690575101784,0.0,0.0
-0.283375054199525,0.0,0.7003397798109371,-1.4064787428159515,0.4324160096370727,-0.7316549916403318,1.0,0.0,0.32446857895328196,1.0,0.0
-1.4825881072845586,0.0,-0.2987228686702952,-0.3027579488272511,0.3552237555891727,-0.7316549916403318,1.0,1.0,1.4555899561443102,1.0,0.0
-0.697648654356173,0.0,0.9001523095071836,-1.0385718114863849,0.7214681663508117,-0.7316549916403318,1.0,0.0,-1.5770146263146323,1.0,0.0
0.06548692487975749,0.0,-0.49853539836654165,1.90468363915015,0.6640253021888807,-0.7316549916403318,1.0,0.0,-1.5814921924083991,1.0,0.0
-0.11984600150611133,0.0,-0.8981604577590346,-1.7743856741455184,-1.3256523179929374,1.000925787820231,1.0,0.0,1.0417607643884743,0.0,0.0
0.6323876408835916,0.0,0.7003397798109371,-0.3027579488272511,0.6378440215384474,1.000925787820231,0.0,0.0,-0.7909545691633629,0.0,0.0
0.19631016703448842,0.0,-0.9980667226071578,-0.6706648801568179,0.2931318628690825,-0.7316549916403318,1.0,1.0,1.5548999182541692,0.0,0.0
-0.20706149627593196,0.0,-1.2977855171515276,1.5367767078205832,-1.3256523179929374,1.000925787820231,0.0,0.0,-1.1745282694961512,0.0,0.0
-0.904785454434497,0.0,0.3007147204184442,0.43305591383188263,-0.2475616497844072,-0.7316549916403318,1.0,0.0,-0.3853894236426936,0.0,0.0
1.8206987571223976,0.0,0.8002460446590604,-0.6706648801568179,0.5058386292059055,-0.7316549916403318,1.0,0.0,-0.2543391443174775,0.0,0.0
0.4034469671128124,0.0,-0.49853539836654165,-1.7743856741455184,-1.3256523179929374,-0.7316549916403318,0.0,0.0,-0.1437940098450652,0.0,0.0
-0.5450215385089868,0.0,-0.39862913351841844,-1.0385718114863849,0.6169235829507341,-0.7316549916403318,0.0,0.0,1.6477245922688453,0.0,0.0
0.8286225041156879,0.0,0.10090219072219773,-1.0385718114863849,0.5813624067815973,-0.7316549916403318,1.0,0.0,0.37364939067951225,1.0,0.0
-0.566825412201442,0.0,0.7003397798109371,-1.0385718114863849,-1.3256523179929374,-0.7316549916403318,1.0,0.0,-0.8777496381742544,0.0,0.0
0.31623147234299176,0.0,-1.7973168413921436,1.90468363915015,0.5542125735556513,-0.7316549916403318,1.0,1.0,-0.1486037876745976,1.0,0.0
0.7959166935770052,0.0,-0.8981604577590346,-0.3027579488272511,-1.3256523179929374,1.000925787820231,1.0,1.0,0.2342954549633148,0.0,1.0
-0.9592951386656349,0.0,0.5005272501146907,-1.7743856741455184,0.8287780230665592,-0.7316549916403318,0.0,0.0,-1.2501551418111918,1.0,0.0
-0.0871401909674286,0.0,0.20080845557032098,1.1688697764910163,1.488075066153928,-0.7316549916403318,0.0,0.0,1.5804006863968356,0.0,0.0
-1.079216443974138,0.0,1.09996483920343,-0.6706648801568179,0.9026247320333405,-0.7316549916403318,1.0,1.0,-0.5567418545558117,0.0,0.0
1.45003290435066,0.0,0.6004335149628139,-0.3027579488272511,-1.3256523179929374,1.000925787820231,0.0,0.0,0.4104771120933127,0.0,0.0
-1.4498822967458758,0.0,0.7003397798109371,0.43305591383188263,0.4835330587547437,-0.7316549916403318,0.0,0.0,-1.577880767729057,1.0,0.0
-0.2288653699683871,0.0,-1.3976917819996508,0.43305591383188263,-1.3256523179929374,2.733506567280793,0.0,1.0,1.1893827638522192,0.0,0.0
-0.4469041068929387,0.0,1.0000585743553068,-0.3027579488272511,1.2038951108274536,-0.7316549916403318,0.0,0.0,-0.18353337624167018,0.0,0.0
-0.04353244358251829,0.0,0.4006209852665674,0.06514898250231577,0.18741582557130795,-0.7316549916403318,1.0,0.0,1.2731526069120425,0.0,0.0
1.8970123150459905,0.0,-0.39862913351841844,0.06514898250231577,1.356081460427621,-0.7316549916403318,1.0,1.0,1.2744016476749065,0.0,0.0
0.37074115657412965,0.0,0.3007147204184442,-0.3027579488272511,0.9813138245435186,2.733506567280793,1.0,0.0,1.5383861437531376,1.0,0.0
-0.8829815807420418,0.0,-1.1978792523034043,-1.0385718114863849,0.775658949135999,1.000925787820231,0.0,1.0,0.0770464271201653,1.0,0.0
-0.9374912649731797,0.0,-0.8981604577590346,0.43305591383188263,-1.3256523179929374,1.000925787820231,1.0,1.0,-1.3983504416850403,0.0,1.0
1.417327093811977,0.0,0.8002460446590604,0.8009628451614494,0.2637409293255721,-0.7316549916403318,0.0,0.0,-1.354984520525158,1.0,0.0
1.3628174095808392,0.0,-1.2977855171515276,-1.4064787428159515,-0.16640665835968005,1.000925787820231,0.0,1.0,-0.5461185081332697,0.0,0.0
-0.14164987519856648,0.0,-1.097972987455281,1.1688697764910163,0.9807896103262218,1.000925787820231,1.0,1.0,0.16511397413392134,1.0,0.0
2.1913646098941353,0.0,-0.39862913351841844,1.5367767078205832,-1.3256523179929374,-0.7316549916403318,0.0,0.0,-0.0014509631997178137,0.0,0.0
0.1090946722646678,0.0,1.5994961634440463,-1.4064787428159515,0.9023058537299156,-0.7316549916403318,1.0,0.0,1.4482520568558173,0.0,0.0
1.3301115990421566,0.0,0.0009959258740745041,0.06514898250231577,-1.3256523179929374,1.000925787820231,0.0,1.0,-0.1263395182184814,0.0,1.0
-0.15255181204479407,0.0,0.4006209852665674,0.43305591383188263,0.8261022345005942,-0.7316549916403318,0.0,0.0,-0.5412154140840063,0.0,0.0
-0.2397673068146147,0.0,-0.39862913351841844,0.8009628451614494,1.0714656164042862,-0.7316549916403318,1.0,1.0,0.5708381160831212,1.0,0.0
0.32713340918921935,0.0,1.0000585743553068,-1.0385718114863849,0.5221688556314575,-0.7316549916403318,1.0,1.0,-0.6290731539092502,1.0,0.0
0.8831321883468258,0.0,-1.497598046847774,-0.6706648801568179,-1.3256523179929374,-0.7316549916403318,1.0,0.0,-1.140760834704168,0.0,1.0
1.1011709252713773,0.0,-0.39862913351841844,-0.6706648801568179,-1.3256523179929374,1.000925787820231,1.0,0.0,-1.4478770322509398,0.0,0.0
0.904936062039281,0.0,-0.09891033897404873,-1.0385718114863849,0.18663140316878393,-0.7316549916403318,0.0,0.0,-0.4808888853317301,1.0,0.0
-1.3517648651298275,0.0,-1.497598046847774,0.8009628451614494,1.1736677068176116,-0.7316549916403318,1.0,1.0,-0.642772242144687,0.0,0.0
0.6105837671911364,0.0,0.5005272501146907,-0.3027579488272511,0.5534701516167029,-0.7316549916403318,0.0,0.0,-0.41082128462546824,1.0,0.0
0.8613283146543707,0.0,-0.8981604577590346,1.5367767078205832,0.7528053994811332,1.000925787820231,1.0,1.0,0.9116565791113711,1.0,0.0
-0.8284718965109039,0.0,-1.3976917819996508,-0.3027579488272511,-1.3256523179929374,1.000925787820231,1.0,1.0,0.9969175011527098,0.0,0.0
0.3598392197279021,0.0,1.1998711040515533,-1.4064787428159515,-1.3256523179929374,2.733506567280793,1.0,0.0,1.5194559692684424,0.0,0.0
1.3301115990421566,0.0,1.5994961634440463,-0.3027579488272511,-1.3256523179929374,-0.7316549916403318,0.0,0.0,-0.2486492801743533,0.0,0.0
-0.30517892789198015,0.0,2.1989337525327857,1.1688697764910163,-1.3256523179929374,-0.7316549916403318,0.0,1.0,-1.5120399452776832,0.0,0.0
-0.11984600150611133,0.0,0.9001523095071836,0.8009628451614494,-1.3256523179929374,-0.7316549916403318,0.0,0.0,0.7671318179633374,0.0,0.0
-0.5232176648165318,0.0,0.5005272501146907,-0.6706648801568179,0.27180349903796325,-0.7316549916403318,0.0,0.0,0.6530725753446056,0.0,0.0
-0.5123157279703041,0.0,-1.1978792523034043,-0.6706648801568179,0.11908385761057133,1.000925787820231,1.0,1.0,-0.6551094008701903,0.0,0.0
-1.0901183808203658,0.0,-0.2987228686702952,1.1688697764910163,0.4195174857972303,-0.7316549916403318,0.0,0.0,0.995060610265386,0.0,0.0
1.1992883568874255,0.0,-0.7982541929109114,-1.0385718114863849,-1.3256523179929374,-0.7316549916403318,1.0,0.0,1.628557298744541,0.0,0.0
-0.5123157279703041,0.0,1.499589898595923,-0.6706648801568179,0.55960521809949,2.733506567280793,1.0,0.0,-1.6684800142857077,0.0,0.0
-1.1991377492826416,0.0,0.6004335149628139,-0.3027579488272511,0.8624942040507745,-0.7316549916403318,1.0,0.0,-0.7310592776535111,0.0,0.0
-0.010826633043835555,0.0,-1.7973168413921436,1.5367767078205832,1.4132489257414715,-0.7316549916403318,1.0,0.0,0.5994215494554629,0.0,0.0
1.4064251569657495,0.0,-0.9980667226071578,1.5367767078205832,1.6394031088010281,1.000925787820231,1.0,0.0,1.571826039148196,1.0,0.0
-1.0029028860505451,0.0,0.7003397798109371,1.90468363915015,-1.3256523179929374,1.000925787820231,1.0,1.0,1.4756057244978444,0.0,1.0
0.5233682724213158,0.0,1.1998711040515533,0.43305591383188263,0.7510299486333495,-0.7316549916403318,1.0,0.0,1.65967788076448,0.0,0.0
-2.572781791907316,0.0,-0.5984416632146649,-1.0385718114863849,-1.3256523179929374,1.000925787820231,1.0,1.0,-0.6814400615169934,0.0,1.0
-0.2288653699683871,0.0,0.5005272501146907,-0.6706648801568179,0.4112107588929841,-0.7316549916403318,1.0,0.0,0.06518799597804185,1.0,0.0
-2.398350802367675,0.0,-0.19881660382217195,-0.6706648801568179,0.7769125121101683,1.000925787820231,1.0,0.0,-0.47463540427438106,1.0,0.0
0.7196031356534122,0.0,-0.8981604577590346,-0.6706648801568179,0.3800505372324595,1.000925787820231,1.0,0.0,0.24269482327086137,1.0,0.0
0.32713340918921935,0.0,1.8992149579884159,0.43305591383188263,-1.3256523179929374,1.000925787820231,1.0,1.0,-0.3971466778635731,0.0,0.0
1.9297181255846734,0.0,1.499589898595923,0.06514898250231577,0.2813079256953632,-0.7316549916403318,0.0,1.0,0.9921880004959928,0.0,0.0
-0.7848641491259936,0.0,-0.6983479280627881,-1.0385718114863849,-1.3256523179929374,1.000925787820231,1.0,1.0,-0.28068338509172996,0.0,0.0
1.3083077253497013,0.0,1.8992149579884159,1.5367767078205832,1.0956190551288578,-0.7316549916403318,1.0,0.0,1.6100663478435893,1.0,0.0
-0.7957660859722212,0.0,0.6004335149628139,1.5367767078205832,0.945789075871374,-0.7316549916403318,1.0,0.0,1.1428750559999603,1.0,0.0
0.8940341251930534,0.0,-1.5975043116958971,1.1688697764910163,0.2514283763466862,-0.7316549916403318,1.0,0.0,-0.04008576345470175,0.0,1.0
0.9812496199628741,0.0,0.10090219072219773,-1.0385718114863849,0.9784408306644173,1.000925787820231,1.0,0.0,1.250646130609607,0.0,0.0
-0.14164987519856648,0.0,-0.09891033897404873,0.8009628451614494,0.9717897534636143,-0.7316549916403318,1.0,0.0,-0.8367778173525616,0.0,0.0
0.08729079857221264,0.0,-0.6983479280627881,0.06514898250231577,1.195458701672913,-0.7316549916403318,1.0,0.0,-1.2590109830776457,0.0,1.0
0.4579566513439503,0.0,-0.49853539836654165,0.8009628451614494,0.7879832509240253,-0.7316549916403318,0.0,0.0,-0.426120258174805,0.0,1.0
0.22901597757317116,0.0,0.3007147204184442,0.43305591383188263,0.5551536243011626,-0.7316549916403318,0.0,0.0,-0.44262654977577426,1.0,0.0
-1.3517648651298275,0.0,-1.5975043116958971,0.43305591383188263,-1.3256523179929374,1.000925787820231,1.0,0.0,-0.18452319999187122,0.0,0.0
0.7414070093458673,0.0,2.298840017380909,1.90468363915015,0.2743995357872357,1.000925787820231,1.0,1.0,-1.3651552803317055,1.0,0.0
-0.021728569890063134,0.0,0.3007147204184442,-0.6706648801568179,0.441955365514168,-0.7316549916403318,1.0,0.0,-0.8392049429414231,0.0,0.0
0.3053295354967642,0.0,1.499589898595923,0.06514898250231577,0.6907938099516941,-0.7316549916403318,1.0,1.0,-0.6880807273650437,0.0,1.0
1.395523220119522,0.0,0.10090219072219773,0.06514898250231577,1.0742350584530584,-0.7316549916403318,1.0,1.0,-1.0664323686235,0.0,0.0
-1.8750578337487513,0.0,0.9001523095071836,-0.3027579488272511,-1.3256523179929374,-0.7316549916403318,1.0,0.0,0.521944964617082,0.0,0.0
-0.8175699596646763,0.0,-0.6983479280627881,0.43305591383188263,0.57295662832539,-0.7316549916403318,1.0,0.0,0.3126112631054268,1.0,0.0
0.41434890395904,0.0,-0.5984416632146649,1.5367767078205832,-1.3256523179929374,1.000925787820231,0.0,1.0,-0.4701006797394828,0.0,0.0
-1.111922254512821,0.0,0.8002460446590604,1.1688697764910163,0.6513911156958376,1.000925787820231,1.0,0.0,-0.9325832940875345,1.0,0.0
-0.8938835175882693,0.0,-1.497598046847774,-1.0385718114863849,-1.3256523179929374,1.000925787820231,1.0,1.0,-0.37421090383201294,0.0,0.0
-1.3626668019760553,0.0,1.09996483920343,-1.0385718114863849,0.10411601968541717,-0.7316549916403318,1.0,0.0,1.2810525668278099,0.0,0.0
0.8504263778081431,0.0,-0.7982541929109114,0.8009628451614494,0.7867039170537001,-0.7316549916403318,0.0,0.0,-0.7836364740406935,1.0,0.0
1.417327093811977,0.0,0.3007147204184442,1.5367767078205832,-1.3256523179929374,-0.7316549916403318,0.0,0.0,-1.4875324766216398,0.0,0.0
0.3925450302665848,0.0,-0.7982541929109114,0.43305591383188263,-1.3256523179929374,-0.7316549916403318,1.0,0.0,-0.7251396467996015,0.0,0.0
-0.11984600150611133,0.0,0.0009959258740745041,-1.4064787428159515,0.8177240491488166,-0.7316549916403318,1.0,1.0,-0.9125313054920295,0.0,0.0
-0.04353244358251829,0.0,0.4006209852665674,-0.3027579488272511,-0.3447272251170917,-0.7316549916403318,1.0,0.0,1.1072911891464357,0.0,0.0
1.1447786726562876,0.0,-0.5984416632146649,0.43305591383188263,0.2780366550100552,1.000925787820231,0.0,1.0,0.10309416606696234,1.0,0.0
0.37074115657412965,0.0,-0.5984416632146649,0.06514898250231577,1.0324315304117198,-0.7316549916403318,0.0,1.0,-1.2753690013688963,1.0,0.0
0.21811404072694357,0.0,0.10090219072219773,-0.3027579488272511,0.6039082392185133,-0.7316549916403318,0.0,0.0,0.5201165827464928,0.0,0.0
-2.005881075903482,0.0,1.499589898595923,0.8009628451614494,0.7413981663701894,-0.7316549916403318,1.0,0.0,-0.8402453272881377,1.0,0.0
-0.5886292858938972,0.0,-1.7973168413921436,1.90468363915015,0.3193663278567935,1.000925787820231,0.0,0.0,-1.0973078500925109,0.0,1.0
-0.5995312227401247,0.0,1.1998711040515533,-0.3027579488272511,-1.3256523179929374,-0.7316549916403318,1.0,0.0,-1.6470598177392526,0.0,0.0
-0.7085505912024005,0.0,-0.19881660382217195,-1.0385718114863849,0.5074286045623438,-0.7316549916403318,1.0,1.0,0.4790388874574323,0.0,0.0
-0.19615955942970437,0.0,-0.2987228686702952,-1.4064787428159515,0.7026190449288752,1.000925787820231,1.0,0.0,-0.7358145822457106,0.0,0.0
0.11999660911089538,0.0,0.6004335149628139,0.43305591383188263,0.8934240613186232,-0.7316549916403318,1.0,0.0,0.7229470417977962,0.0,0.0
2.038737494046949,0.0,-0.8981604577590346,-0.3027579488272511,0.45064048367479215,1.000925787820231,1.0,0.0,-0.7814501019118344,1.0,0.0
0.7632108830383225,0.0,-0.5984416632146649,-0.6706648801568179,0.6746067668485342,-0.7316549916403318,1.0,1.0,0.6612017082445915,0.0,1.0
-0.2288653699683871,0.0,0.5005272501146907,-1.4064787428159515,-0.5632150804831195,4.466087346741356,1.0,0.0,-1.1975931656549252,0.0,0.0
-1.6897249073628826,0.0,-1.097972987455281,-0.6706648801568179,0.06850270296413645,-0.7316549916403318,0.0,1.0,-1.2564380986989063,0.0,0.0
1.5917580833516183,0.0,-0.09891033897404873,-1.0385718114863849,0.3318014073267707,-0.7316549916403318,1.0,1.0,1.4399864385785495,0.0,0.0
0.06548692487975749,0.0,-1.3976917819996508,-1.0385718114863849,0.8165591754623988,-0.7316549916403318,1.0,0.0,-0.8811567139969637,0.0,0.0
0.26172178811185387,0.0,1.7993086931402926,0.43305591383188263,0.4213672386449669,-0.7316549916403318,1.0,0.0,-1.3104962334706232,0.0,0.0
0.13089854595712297,0.0,-0.19881660382217195,0.43305591383188263,0.8318118470455504,-0.7316549916403318,0.0,0.0,-1.0665501947368932,0.0,1.0
1.3301115990421566,0.0,1.09996483920343,0.06514898250231577,0.2914015509029381,-0.7316549916403318,0.0,0.0,0.9784417815559119,0.0,1.0
-0.3814924858155732,0.0,0.3007147204184442,0.06514898250231577,0.6458905869657382,-0.7316549916403318,1.0,0.0,-0.6222485549012634,1.0,0.0
-2.093096570673303,0.0,-0.09891033897404873,1.90468363915015,0.8593232647547219,1.000925787820231,1.0,0.0,0.8788785013452687,0.0,0.0
0.41434890395904,0.0,-1.1978792523034043,-0.3027579488272511,-0.04155598140346862,-0.7316549916403318,1.0,0.0,0.38145783760373536,1.0,0.0
0.5778779566524537,0.0,0.3007147204184442,-0.3027579488272511,1.095564224049653,-0.7316549916403318,1.0,0.0,-0.9585704980471556,0.0,0.0
-0.5014137911240766,0.0,-0.09891033897404873,-0.3027579488272511,0.3471306960732096,1.000925787820231,1.0,1.0,-1.066264492479639,0.0,0.0
-0.3923944226618008,0.0,-0.19881660382217195,1.1688697764910163,0.5971198116880867,-0.7316549916403318,1.0,0.0,-1.3358659329879734,0.0,1.0
0.207212103880716,0.0,3.0980901361658946,-1.0385718114863849,-1.3256523179929374,1.000925787820231,1.0,1.0,-0.5109437638040338,0.0,0.0
-0.8829815807420418,0.0,0.7003397798109371,-0.3027579488272511,-1.3256523179929374,-0.7316549916403318,1.0,0.0,-0.0005005557805974231,0.0,0.0
-1.2972551808986896,0.0,-0.19881660382217195,-1.0385718114863849,-1.3256523179929374,1.000925787820231,1.0,0.0,1.698546807608705,0.0,0.0
-0.13074793835233892,0.0,0.5005272501146907,0.43305591383188263,0.9808559274044911,-0.7316549916403318,1.0,0.0,-0.8735032051948536,1.0,0.0
-0.283375054199525,0.0,1.5994961634440463,0.8009628451614494,-0.16286421257429884,1.000925787820231,1.0,1.0,-0.27394070754963595,0.0,0.0
-0.4469041068929387,0.0,-0.5984416632146649,0.43305591383188263,-1.3256523179929374,1.000925787820231,1.0,1.0,0.752118631298456,0.0,1.0
1.0466612410402394,0.0,0.0009959258740745041,1.5367767078205832,2.271181044962971,-0.7316549916403318,0.0,0.0,-0.000916460017921179,0.0,0.0
1.1774844831949705,0.0,-0.9980667226071578,1.90468363915015,-0.6824684751217857,1.000925787820231,0.0,0.0,1.6046393952343851,0.0,0.0
1.657169704428984,0.0,-0.2987228686702952,0.06514898250231577,-1.3256523179929374,1.000925787820231,1.0,0.0,-0.5896220641298787,0.0,0.0
-0.15255181204479407,0.0,1.0000585743553068,-1.7743856741455184,-1.3256523179929374,-0.7316549916403318,1.0,0.0,-1.182388712962431,0.0,0.0
1.0357593041940119,0.0,0.3007147204184442,-0.6706648801568179,-1.3256523179929374,1.000925787820231,1.0,1.0,1.5437582253605704,0.0,0.0
2.1913646098941353,0.0,-0.39862913351841844,1.5367767078205832,0.6671483869403864,-0.7316549916403318,0.0,1.0,1.7293204511685003,1.0,0.0
0.41434890395904,0.0,0.20080845557032098,-0.3027579488272511,0.05444389019842595,-0.7316549916403318,1.0,0.0,1.4002887131695978,0.0,0.0
0.7196031356534122,0.0,-1.2977855171515276,0.8009628451614494,1.2831801482248766,-0.7316549916403318,0.0,0.0,1.679952873720233,0.0,0.0
0.7087011988071846,0.0,-0.19881660382217195,1.1688697764910163,0.5225372504116671,-0.7316549916403318,0.0,0.0,0.894332458491152,0.0,0.0
-0.8066680228184487,0.0,-1.3976917819996508,-0.6706648801568179,0.9403560817524167,-0.7316549916403318,1.0,0.0,-0.005918623558287828,0.0,0.0
-0.40329635950802833,0.0,-0.19881660382217195,0.06514898250231577,1.4444140549253848,-0.7316549916403318,1.0,1.0,-0.7052779525907714,0.0,1.0
-0.7412564017410833,0.0,-0.09891033897404873,-1.7743856741455184,0.31757485265660945,-0.7316549916403318,0.0,1.0,-1.6033075756537565,1.0,0.0
-1.547999728361924,0.0,-0.9980667226071578,-1.7743856741455184,0.4139652628304932,-0.7316549916403318,0.0,1.0,-0.9763829794310783,0.0,0.0
-2.245723686520489,0.0,0.9001523095071836,-0.6706648801568179,0.5809324432466537,-0.7316549916403318,1.0,0.0,-0.9965581814696447,1.0,0.0
-0.7085505912024005,0.0,0.8002460446590604,1.1688697764910163,1.4838622965394592,-0.7316549916403318,1.0,0.0,0.23767261552610036,0.0,0.0
0.6759953882685018,0.0,0.0009959258740745041,-0.6706648801568179,1.0453302169206986,-0.7316549916403318,1.0,1.0,0.022079676298132605,0.0,0.0
0.6541915145760467,0.0,-0.39862913351841844,1.1688697764910163,-1.3256523179929374,2.733506567280793,1.0,0.0,-0.4943481816528887,0.0,1.0
-0.5995312227401247,0.0,-0.8981604577590346,-1.4064787428159515,0.6258412742897257,-0.7316549916403318,0.0,0.0,1.4272764778146836,0.0,0.0
1.7879929465837148,0.0,-0.8981604577590346,-1.4064787428159515,0.6733867483248459,-0.7316549916403318,1.0,1.0,-1.2809396740308676,0.0,0.0
-0.926589328126952,0.0,-0.9980667226071578,0.06514898250231577,0.6501574329646838,-0.7316549916403318,1.0,1.0,-1.3859767881456542,0.0,1.0
-0.7630602754335384,0.0,-1.2977855171515276,-0.3027579488272511,-1.3256523179929374,1.000925787820231,1.0,1.0,1.3336445479750385,0.0,0.0
-0.03263050673629071,0.0,0.4006209852665674,-0.6706648801568179,0.09955788663705308,-0.7316549916403318,0.0,0.0,-0.7422944948811168,0.0,0.0
0.29442759865053664,0.0,-0.09891033897404873,-1.0385718114863849,1.0786541282149942,-0.7316549916403318,1.0,0.0,-0.08695309858233925,0.0,0.0
1.5917580833516183,0.0,-1.1978792523034043,-0.3027579488272511,-1.3256523179929374,1.000925787820231,0.0,0.0,0.9649765449031484,0.0,1.0
-0.5886292858938972,0.0,-0.9980667226071578,-0.3027579488272511,-1.3256523179929374,1.000925787820231,1.0,0.0,1.5607842725307044,0.0,0.0
-2.322037244444082,0.0,0.4006209852665674,-0.6706648801568179,0.3716229746090936,1.000925787820231,1.0,1.0,1.4485950438190245,1.0,0.0
0.28352566180430905,0.0,0.7003397798109371,-1.0385718114863849,0.6487725099331737,-0.7316549916403318,0.0,0.0,-1.6560236957550067,0.0,0.0
-1.5043919809770137,0.0,1.5994961634440463,1.1688697764910163,0.6743697579166655,-0.7316549916403318,1.0,1.0,1.4089467304470662,0.0,1.0
-1.2754513072062346,0.0,-1.6974105765440204,1.1688697764910163,0.9965350067238067,-0.7316549916403318,0.0,0.0,-1.1461643263615906,1.0,0.0
0.207212103880716,0.0,-1.6974105765440204,0.8009628451614494,1.504177719657644,-0.7316549916403318,0.0,0.0,0.10900754240977635,0.0,1.0
-0.3814924858155732,0.0,0.8002460446590604,-0.3027579488272511,0.152626276878625,-0.7316549916403318,1.0,0.0,0.9939553471805153,0.0,1.0
1.3519154727346117,0.0,-1.3976917819996508,1.1688697764910163,0.5029692031596319,-0.7316549916403318,1.0,0.0,0.33852181120759745,1.0,0.0
0.4034469671128124,0.0,0.5005272501146907,0.8009628451614494,0.010487887648965733,-0.7316549916403318,0.0,0.0,-1.7057080603197985,0.0,0.0
0.09819273541844022,0.0,0.3007147204184442,0.8009628451614494,-1.3256523179929374,-0.7316549916403318,0.0,0.0,-0.827876713039128,0.0,0.0
0.9921515568091016,0.0,0.5005272501146907,0.8009628451614494,0.17775816847642872,-0.7316549916403318,1.0,0.0,0.2944026096975938,0.0,0.0
1.4391309675044324,0.0,-0.5984416632146649,-1.4064787428159515,-1.3256523179929374,1.000925787820231,0.0,0.0,-1.0091103120274008,0.0,1.0
-0.7412564017410833,0.0,0.9001523095071836,-0.6706648801568179,-0.0557183149278843,-0.7316549916403318,0.0,0.0,0.6473977090668299,0.0,0.0
-1.0247067597430002,0.0,-1.3976917819996508,1.1688697764910163,0.3335756395984864,-0.7316549916403318,1.0,1.0,0.28800400363053014,0.0,0.0
-0.7630602754335384,0.0,0.7003397798109371,-1.0385718114863849,-1.3256523179929374,-0.7316549916403318,0.0,0.0,-0.6032655020543995,0.0,0.0
-0.6431389701250351,0.0,-0.09891033897404873,1.1688697764910163,-1.3256523179929374,1.000925787820231,1.0,0.0,-0.6473749333146234,0.0,0.0
-1.8423520232100685,0.0,0.0009959258740745041,0.06514898250231577,0.3708268500684933,-0.7316549916403318,1.0,0.0,-1.450808451353522,1.0,0.0
-0.010826633043835555,0.0,0.10090219072219773,0.8009628451614494,0.34282886185128153,-0.7316549916403318,0.0,0.0,1.3414636959890822,1.0,0.0
-0.30517892789198015,0.0,-0.5984416632146649,0.8009628451614494,0.09964310643930283,-0.7316549916403318,1.0,0.0,-1.7385644810814591,0.0,0.0
-1.3626668019760553,0.0,0.3007147204184442,1.90468363915015,0.6030998544837972,1.000925787820231,0.0,0.0,-0.3139831649115289,0.0,0.0
-1.3626668019760553,0.0,-0.8981604577590346,0.43305591383188263,-1.3256523179929374,-0.7316549916403318,1.0,1.0,0.5678827312979243,0.0,1.0
1.3410135358883841,0.0,1.0000585743553068,0.8009628451614494,0.4616389249149965,-0.7316549916403318,0.0,0.0,-0.05783956413787295,0.0,0.0
-1.111922254512821,0.0,0.8002460446590604,1.1688697764910163,0.4350168099256467,-0.7316549916403318,0.0,0.0,0.469700605299816,1.0,0.0
1.5590522728129357,0.0,-0.49853539836654165,0.06514898250231577,0.5568401681174029,1.000925787820231,0.0,0.0,-1.7085360268641856,1.0,0.0
-2.005881075903482,0.0,-1.6974105765440204,0.43305591383188263,1.2121015436965228,-0.7316549916403318,1.0,0.0,1.5846364139603797,1.0,0.0
1.0902689884251497,0.0,-0.49853539836654165,0.8009628451614494,-1.3256523179929374,1.000925787820231,0.0,0.0,-0.3484368759893371,0.0,1.0
-0.11984600150611133,0.0,0.7003397798109371,0.06514898250231577,-1.3256523179929374,-0.7316549916403318,0.0,0.0,1.253961320329286,0.0,0.0
-0.4251002332004835,0.0,1.5994961634440463,0.8009628451614494,-0.15292252562846748,4.466087346741356,0.0,1.0,0.22668958818047796,0.0,0.0
0.8722302515005983,0.0,0.3007147204184442,0.43305591383188263,-1.3256523179929374,1.000925787820231,1.0,0.0,0.8958412908380061,0.0,0.0
-0.21796343312215954,0.0,-0.49853539836654165,-1.4064787428159515,1.3056489853719397,1.000925787820231,1.0,1.0,0.8026629058172023,0.0,1.0
-0.4469041068929387,0.0,-0.7982541929109114,-0.3027579488272511,-1.3256523179929374,-0.7316549916403318,1.0,0.0,-0.3628657089048103,0.0,0.0
-2.1039985075195307,0.0,-0.7982541929109114,-1.4064787428159515,1.7371745799437266,-0.7316549916403318,0.0,0.0,-0.7267787852974245,0.0,0.0
-0.8611777070495866,0.0,1.9991212228365391,0.43305591383188263,0.9859631395432064,-0.7316549916403318,1.0,1.0,-0.9553040962868419,0.0,0.0
-0.283375054199525,0.0,-0.39862913351841844,0.43305591383188263,-1.3256523179929374,-0.7316549916403318,1.0,0.0,-0.09599369401980998,0.0,0.0
0.37074115657412965,0.0,-0.2987228686702952,0.06514898250231577,0.6098985661470647,-0.7316549916403318,0.0,0.0,0.8739857838588365,0.0,0.0
-0.7085505912024005,0.0,-0.7982541929109114,-0.6706648801568179,-1.3256523179929374,1.000925787820231,0.0,1.0,-0.7139327845954977,0.0,0.0
0.7087011988071846,0.0,-1.2977855171515276,0.43305591383188263,0.6706944114467703,-0.7316549916403318,1.0,1.0,-0.5757018994060008,0.0,0.0
1.5808561465053907,0.0,1.2997773688996765,-1.4064787428159515,-0.09097990781290102,-0.7316549916403318,1.0,1.0,1.59830094120225,1.0,0.0
-0.4360021700467111,0.0,-1.2977855171515276,-0.6706648801568179,-1.3256523179929374,-0.7316549916403318,0.0,0.0,-0.37869116879071624,0.0,0.0
0.09819273541844022,0.0,-0.09891033897404873,0.43305591383188263,-1.3256523179929374,-0.7316549916403318,0.0,0.0,1.4550661232131892,0.0,0.0
1.112072862117605,0.0,0.10090219072219773,-0.3027579488272511,-1.3256523179929374,1.000925787820231,1.0,1.0,-0.32570668940931663,0.0,0.0
-0.40329635950802833,0.0,0.10090219072219773,-0.6706648801568179,0.8558132047800283,-0.7316549916403318,1.0,0.0,-1.1498864085784686,0.0,0.0
1.0575631778864671,0.0,-1.9971293710883902,1.1688697764910163,1.3890201712067043,1.000925787820231,0.0,1.0,1.640165532485864,0.0,0.0
0.6650934514222743,0.0,-0.7982541929109114,1.90468363915015,0.5991655387486072,1.000925787820231,1.0,1.0,1.6117546674477399,0.0,0.0
-2.2348217496742615,0.0,-0.6983479280627881,-1.0385718114863849,1.0219719049352987,-0.7316549916403318,1.0,0.0,0.21694443016479512,0.0,0.0
0.8395244409619155,0.0,0.0009959258740745041,-1.0385718114863849,0.45198755337626195,-0.7316549916403318,1.0,0.0,-0.3295401213242058,0.0,0.0
0.3925450302665848,0.0,-0.09891033897404873,0.8009628451614494,-1.3256523179929374,1.000925787820231,1.0,0.0,0.06454434659287696,0.0,0.0
-0.6867467175099454,0.0,-0.49853539836654165,0.06514898250231577,0.36123785159718574,-0.7316549916403318,1.0,0.0,1.631631133366951,1.0,0.0
0.021879177494847177,0.0,1.9991212228365391,0.8009628451614494,-1.3256523179929374,-0.7316549916403318,0.0,1.0,-1.5114613567769268,0.0,0.0
1.5372483991204804,0.0,-0.39862913351841844,-0.6706648801568179,-1.3256523179929374,2.733506567280793,0.0,0.0,-0.02237013808700967,0.0,1.0
-0.1852576225834768,0.0,-0.09891033897404873,0.06514898250231577,0.07482588511196057,-0.7316549916403318,1.0,0.0,-0.21405374794184928,0.0,0.0
-0.4469041068929387,0.0,0.10090219072219773,1.90468363915015,1.3347700141866974,-0.7316549916403318,1.0,0.0,-1.065608628538716,0.0,0.0
-1.1882358124364139,0.0,-0.09891033897404873,-0.6706648801568179,1.3632379264184402,-0.7316549916403318,0.0,1.0,1.7322558506984758,0.0,0.0
-0.4469041068929387,0.0,-0.39862913351841844,-1.0385718114863849,0.7965458289306795,-0.7316549916403318,1.0,0.0,-1.35929977433662,0.0,1.0
-1.1228241913590484,0.0,0.7003397798109371,-0.6706648801568179,-1.3256523179929374,-0.7316549916403318,0.0,0.0,-0.6005058056895078,0.0,0.0
-0.7848641491259936,0.0,-1.097972987455281,1.1688697764910163,0.178583347665168,1.000925787820231,0.0,1.0,0.4561861825736625,0.0,0.0
1.395523220119522,0.0,-1.1978792523034043,1.5367767078205832,0.8092273521424415,-0.7316549916403318,1.0,1.0,1.104603096046421,0.0,0.0
-0.5886292858938972,0.0,0.8002460446590604,-0.3027579488272511,0.4795560504476011,-0.7316549916403318,1.0,0.0,0.8461791740666167,1.0,0.0
-1.6461171599779723,0.0,-0.39862913351841844,1.1688697764910163,0.438215977698687,1.000925787820231,1.0,1.0,-1.4827234970400582,1.0,0.0
0.7632108830383225,0.0,0.10090219072219773,-0.3027579488272511,-1.3256523179929374,-0.7316549916403318,1.0,0.0,-1.246362054370686,0.0,0.0
2.0496394308931767,0.0,-0.2987228686702952,-1.0385718114863849,0.7359000094712255,-0.7316549916403318,1.0,1.0,-0.35812138310004293,1.0,0.0
-1.0247067597430002,0.0,0.7003397798109371,-0.6706648801568179,0.9851507698755664,1.000925787820231,0.0,1.0,-0.3658130995879187,1.0,0.0
1.3410135358883841,0.0,1.0000585743553068,1.5367767078205832,1.0156595290937354,-0.7316549916403318,0.0,1.0,-0.929905965027159,1.0,0.0
1.3083077253497013,0.0,-0.6983479280627881,0.8009628451614494,0.5466938433978649,-0.7316549916403318,0.0,0.0,-0.7358512222438671,1.0,0.0
-0.8829815807420418,0.0,1.0000585743553068,-0.3027579488272511,-1.3256523179929374,2.733506567280793,1.0,1.0,-0.5838821250454224,0.0,0.0
0.566976019806226,0.0,-0.2987228686702952,-0.3027579488272511,-1.3256523179929374,1.000925787820231,0.0,0.0,1.5314273584919873,0.0,0.0
-1.035608696589228,0.0,-0.19881660382217195,0.06514898250231577,0.3367365704045465,2.733506567280793,0.0,0.0,1.5206540281334684,1.0,0.0
-0.04353244358251829,0.0,-0.39862913351841844,-1.0385718114863849,0.9016962974429181,1.000925787820231,0.0,1.0,0.9248079197561173,1.0,0.0
0.545172146113771,0.0,-0.8981604577590346,-0.6706648801568179,-1.3256523179929374,1.000925787820231,1.0,1.0,1.2266756417120546,0.0,0.0
-0.4360021700467111,0.0,0.4006209852665674,-0.3027579488272511,0.12409244032315322,-0.7316549916403318,1.0,1.0,1.7217284871719045,0.0,1.0
0.6214857040373639,0.0,1.2997773688996765,1.5367767078205832,0.5848073847470241,-0.7316549916403318,1.0,1.0,1.4954931388612205,0.0,0.0
-0.5777273490476696,0.0,0.20080845557032098,0.8009628451614494,0.4084735774614316,-0.7316549916403318,1.0,0.0,1.1034035307764651,0.0,0.0
-1.0029028860505451,0.0,1.1998711040515533,-0.3027579488272511,-1.3256523179929374,-0.7316549916403318,0.0,0.0,-1.1889193928979882,0.0,0.0
-0.697648654356173,0.0,0.20080845557032098,-1.0385718114863849,-1.3256523179929374,1.000925787820231,1.0,0.0,-0.1873750090195722,0.0,0.0
0.8395244409619155,0.0,-1.097972987455281,0.8009628451614494,0.1846914110712975,-0.7316549916403318,1.0,0.0,0.7988803052506613,1.0,0.0
-1.133726128205276,0.0,1.499589898595923,1.1688697764910163,0.977831537525246,-0.7316549916403318,0.0,0.0,-1.0493790232576108,0.0,0.0
-0.10894406465988375,0.0,-0.5984416632146649,1.90468363915015,0.7593414453853725,1.000925787820231,1.0,0.0,-0.7141020510179829,1.0,0.0
-0.7521583385873108,0.0,3.4977151955583876,-1.0385718114863849,0.7944932697664262,1.000925787820231,1.0,1.0,-0.8430731592164386,1.0,0.0
-0.05443438042874587,0.0,-0.39862913351841844,0.43305591383188263,0.575281589201955,-0.7316549916403318,1.0,0.0,0.07699626655218102,0.0,0.0
-1.547999728361924,0.0,-0.9980667226071578,1.5367767078205832,0.4895672080372739,-0.7316549916403318,1.0,0.0,0.8663632131710514,1.0,0.0
0.37074115657412965,0.0,-0.5984416632146649,1.5367767078205832,-0.3305720255689063,-0.7316549916403318,0.0,0.0,-0.2994909005338306,0.0,1.0
1.2865038516572462,0.0,0.6004335149628139,0.06514898250231577,-1.3256523179929374,-0.7316549916403318,1.0,0.0,0.37850175767922656,0.0,1.0
0.77411281988455,0.0,1.7993086931402926,-0.3027579488272511,0.957500733598113,-0.7316549916403318,1.0,0.0,-1.2180286035546102,0.0,0.0
1.0793670515789222,0.0,-0.19881660382217195,-0.6706648801568179,-1.3256523179929374,1.000925787820231,1.0,1.0,0.413850634406132,0.0,1.0
-0.7848641491259936,0.0,0.3007147204184442,-1.4064787428159515,1.1483199512929168,-0.7316549916403318,0.0,1.0,-0.9638984511714195,1.0,0.0
-0.05443438042874587,0.0,-0.19881660382217195,1.5367767078205832,-1.3256523179929374,-0.7316549916403318,1.0,0.0,-1.6760438251401655,0.0,0.0
0.4470547144977227,0.0,1.09996483920343,0.43305591383188263,1.1066966316371076,-0.7316549916403318,0.0,0.0,0.8616193918748216,0.0,0.0
1.2537980411185634,0.0,0.3007147204184442,-1.4064787428159515,-1.3256523179929374,1.000925787820231,1.0,1.0,-1.5417698466997067,0.0,0.0
-0.7412564017410833,0.0,0.8002460446590604,0.8009628451614494,0.3749131816475225,-0.7316549916403318,1.0,0.0,0.5363226879101717,1.0,0.0
1.0793670515789222,0.0,-1.7973168413921436,1.1688697764910163,0.06679679172974728,-0.7316549916403318,0.0,0.0,0.5890116644726286,0.0,1.0
-1.8423520232100685,0.0,0.5005272501146907,1.1688697764910163,1.031890866931189,-0.7316549916403318,1.0,0.0,-0.6755840390511079,0.0,0.0
0.8286225041156879,0.0,-0.2987228686702952,1.1688697764910163,0.8787174495286,1.000925787820231,1.0,0.0,-0.2546513348759858,1.0,0.0
1.2319941674261083,0.0,-0.49853539836654165,0.43305591383188263,0.9054729160700086,-0.7316549916403318,1.0,1.0,-0.4987589303200075,0.0,0.0
-1.1555300018977313,0.0,-0.5984416632146649,1.90468363915015,-0.3592572637670024,-0.7316549916403318,1.0,0.0,-0.4068480421025965,0.0,1.0
1.210190293733653,0.0,1.2997773688996765,-0.3027579488272511,-1.3256523179929374,-0.7316549916403318,1.0,0.0,1.0552690762386532,0.0,1.0
0.37074115657412965,0.0,0.0009959258740745041,-0.6706648801568179,0.9434393950371811,1.000925787820231,0.0,0.0,0.971736486437448,1.0,0.0
-1.5807055389006068,0.0,0.9001523095071836,0.43305591383188263,-1.3256523179929374,-0.7316549916403318,0.0,0.0,-0.46611670722392184,0.0,0.0
-0.06533631727497344,0.0,0.9001523095071836,-1.4064787428159515,-1.3256523179929374,-0.7316549916403318,0.0,0.0,-0.6233790443341709,0.0,0.0
0.11999660911089538,0.0,-0.5984416632146649,0.43305591383188263,0.3135445621308893,-0.7316549916403318,1.0,0.0,-1.4073954206286567,0.0,0.0
-0.3923944226618008,0.0,-0.09891033897404873,-1.4064787428159515,1.0795218053890412,2.733506567280793,0.0,0.0,0.13514478054300047,1.0,0.0
0.27262372495808146,0.0,0.6004335149628139,0.43305591383188263,0.4133123089166152,-0.7316549916403318,1.0,1.0,-1.7049221713656457,1.0,0.0
-0.04353244358251829,0.0,-0.2987228686702952,0.8009628451614494,-0.35665553359795293,-0.7316549916403318,1.0,1.0,1.1737201027046216,0.0,0.0
0.3053295354967642,0.0,0.5005272501146907,0.06514898250231577,1.4617437958221344,-0.7316549916403318,1.0,0.0,1.2669787251879872,1.0,0.0
0.3053295354967642,0.0,-1.6974105765440204,-1.7743856741455184,1.0867080398318383,1.000925787820231,0.0,0.0,1.4377114213950257,0.0,0.0
-0.5014137911240766,0.0,-0.2987228686702952,1.1688697764910163,-0.3600357982542521,-0.7316549916403318,1.0,1.0,1.586177711600031,0.0,0.0
0.7414070093458673,0.0,1.0000585743553068,-0.6706648801568179,0.11746649975255023,-0.7316549916403318,1.0,0.0,-1.1552460629024637,0.0,0.0
-0.904785454434497,0.0,-0.09891033897404873,-0.3027579488272511,1.1505541104315367,-0.7316549916403318,1.0,0.0,1.3133959510393742,0.0,0.0
-0.3269828015844353,0.0,-0.2987228686702952,1.90468363915015,0.6208220062280303,-0.7316549916403318,1.0,1.0,-1.5907910709857431,0.0,1.0
-0.1852576225834768,0.0,0.10090219072219773,0.43305591383188263,-0.3500887432269164,1.000925787820231,0.0,1.0,0.8339653766086425,1.0,0.0
1.1774844831949705,0.0,1.3996836337477998,-0.3027579488272511,-1.3256523179929374,-0.7316549916403318,0.0,0.0,-0.24913456555777866,0.0,0.0
0.09819273541844022,0.0,0.9001523095071836,-0.6706648801568179,-1.3256523179929374,-0.7316549916403318,0.0,0.0,-1.2568465507971098,0.0,0.0
2.1913646098941353,0.0,0.10090219072219773,-1.7743856741455184,-1.3256523179929374,1.000925787820231,1.0,0.0,-0.9735202219592127,0.0,0.0
-0.1852576225834768,0.0,0.8002460446590604,0.06514898250231577,1.406582419189766,-0.7316549916403318,0.0,0.0,0.6954288039066697,0.0,0.0
0.03278111434107476,0.0,3.8973402549508807,-0.3027579488272511,-1.3256523179929374,1.000925787820231,1.0,1.0,1.5365796954698183,0.0,0.0
-2.659997286677137,0.0,-0.19881660382217195,1.90468363915015,-1.3256523179929374,-0.7316549916403318,1.0,0.0,1.053593078188599,0.0,0.0
-1.319059054591145,0.0,0.10090219072219773,-0.3027579488272511,-0.10110125089956777,-0.7316549916403318,0.0,1.0,0.12603211852421237,0.0,0.0
-0.9374912649731797,0.0,-1.097972987455281,0.8009628451614494,0.15020880751777102,-0.7316549916403318,1.0,0.0,0.383789856210848,0.0,0.0
-1.3299609914373725,0.0,-0.9980667226071578,-1.4064787428159515,0.49954826091413623,-0.7316549916403318,1.0,0.0,1.4264512072487219,0.0,0.0
0.9376418725779637,0.0,0.20080845557032098,-1.0385718114863849,-1.3256523179929374,1.000925787820231,1.0,0.0,-0.9933911678160681,0.0,0.0
-0.2288653699683871,0.0,-1.097972987455281,1.5367767078205832,0.8272946877943103,1.000925787820231,1.0,1.0,-0.45210856271042144,1.0,0.0
0.4361527776514951,0.0,-0.6983479280627881,-1.4064787428159515,1.363468103246576,-0.7316549916403318,1.0,0.0,0.9612226188332296,0.0,0.0
0.28352566180430905,0.0,1.2997773688996765,0.43305591383188263,0.1808444308566597,-0.7316549916403318,0.0,0.0,0.2921259890233808,1.0,0.0
0.29442759865053664,0.0,-1.097972987455281,0.06514898250231577,-1.3256523179929374,1.000925787820231,0.0,1.0,1.0028070689740858,0.0,1.0
0.6105837671911364,0.0,0.6004335149628139,0.8009628451614494,-1.3256523179929374,-0.7316549916403318,1.0,0.0,1.0960114581511264,0.0,0.0
-0.7957660859722212,0.0,0.10090219072219773,-0.6706648801568179,-1.3256523179929374,-0.7316549916403318,1.0,0.0,-0.8747220377267001,0.0,0.0
0.5124663355750881,0.0,0.0009959258740745041,1.1688697764910163,-1.3256523179929374,1.000925787820231,0.0,0.0,-1.2496471089746244,0.0,0.0
0.15270241964957812,0.0,-1.2977855171515276,-0.3027579488272511,-1.3256523179929374,1.000925787820231,1.0,1.0,0.41334874382282905,0.0,0.0
-0.11984600150611133,0.0,0.3007147204184442,1.5367767078205832,-0.06273224959196769,1.000925787820231,1.0,1.0,0.19397285645866422,0.0,1.0
1.7770910097374872,0.0,-0.8981604577590346,0.06514898250231577,0.8386763219363667,1.000925787820231,1.0,0.0,-0.18766383940373046,0.0,0.0
-0.6213350964325799,0.0,-0.49853539836654165,-1.4064787428159515,0.731744951717816,-0.7316549916403318,0.0,0.0,1.3821736136281408,0.0,0.0
-0.7085505912024005,0.0,-0.39862913351841844,-1.4064787428159515,-1.3256523179929374,1.000925787820231,1.0,1.0,1.3933895126433011,0.0,0.0
0.09819273541844022,0.0,-2.097035635936513,0.8009628451614494,-1.3256523179929374,1.000925787820231,0.0,0.0,1.5198141517568757,0.0,0.0
0.8613283146543707,0.0,0.3007147204184442,-0.3027579488272511,0.7501902086948112,-0.7316549916403318,1.0,1.0,1.4895376145932513,0.0,0.0
1.7661890728912597,0.0,-0.6983479280627881,-1.4064787428159515,1.1029521798019069,1.000925787820231,1.0,1.0,1.497246453991048,1.0,0.0
-1.6134113494392894,0.0,-0.19881660382217195,1.5367767078205832,0.5824836561322393,-0.7316549916403318,0.0,0.0,1.4222793286674307,0.0,0.0
-0.30517892789198015,0.0,0.20080845557032098,0.06514898250231577,-1.3256523179929374,-0.7316549916403318,1.0,1.0,-0.9142142377665119,0.0,0.0
7.530380239202258e-05,0.0,0.3007147204184442,0.06514898250231577,0.18316078954347464,-0.7316549916403318,1.0,0.0,1.2762210290485294,0.0,0.0
0.42525084080526754,0.0,-0.09891033897404873,-0.3027579488272511,0.216373710400136,-0.7316549916403318,1.0,0.0,0.289564273737952,0.0,0.0
1.8206987571223976,0.0,-0.39862913351841844,0.06514898250231577,0.7614309628409757,1.000925787820231,1.0,0.0,-1.5876775273150427,0.0,0.0
0.0109772406486196,0.0,1.3996836337477998,-0.6706648801568179,0.3967423602792812,-0.7316549916403318,1.0,0.0,-1.6082327708904869,1.0,0.0
7.530380239202258e-05,0.0,-0.49853539836654165,1.1688697764910163,-1.3256523179929374,1.000925787820231,1.0,0.0,1.0684916514941925,0.0,1.0
1.7770910097374872,0.0,0.3007147204184442,-0.3027579488272511,0.5458422704683303,1.000925787820231,1.0,0.0,1.1270616569402563,0.0,0.0
0.06548692487975749,0.0,-0.9980667226071578,-0.6706648801568179,0.08611574865432312,-0.7316549916403318,0.0,0.0,-0.12874334973019944,0.0,0.0
1.3846212832732945,0.0,-1.1978792523034043,0.06514898250231577,-1.3256523179929374,1.000925787820231,1.0,1.0,0.7493069665660261,0.0,0.0
1.8534045676610802,0.0,1.5994961634440463,0.43305591383188263,0.30912380106398496,-0.7316549916403318,0.0,0.0,1.0257041854286792,0.0,0.0
-0.7412564017410833,0.0,-0.5984416632146649,0.8009628451614494,1.345799582850408,2.733506567280793,1.0,0.0,0.33798247205972604,0.0,0.0
-0.9592951386656349,0.0,0.8002460446590604,0.06514898250231577,0.215702817921226,-0.7316549916403318,1.0,1.0,-1.2772010410258143,1.0,0.0
0.6541915145760467,0.0,-0.09891033897404873,1.5367767078205832,0.8145794920712942,-0.7316549916403318,1.0,1.0,0.06579542356974594,0.0,0.0
-0.4141982963542559,0.0,0.8002460446590604,-1.4064787428159515,0.528865077605534,-0.7316549916403318,1.0,0.0,1.673860805747292,1.0,0.0
-0.010826633043835555,0.0,-0.19881660382217195,0.43305591383188263,0.8003501720258126,1.000925787820231,1.0,1.0,0.9344554106984566,0.0,0.0
2.1913646098941353,0.0,-1.2977855171515276,1.5367767078205832,-1.3256523179929374,1.000925787820231,1.0,1.0,1.1240423193383506,0.0,0.0
-1.4607842335921033,0.0,2.398746282229032,0.8009628451614494,0.1727518217910743,-0.7316549916403318,1.0,1.0,0.7362181884593645,0.0,0.0
0.05458498803352991,0.0,-0.39862913351841844,0.06514898250231577,-1.3256523179929374,-0.7316549916403318,0.0,1.0,-0.4986281543972041,0.0,0.0
1.417327093811977,0.0,0.5005272501146907,-1.4064787428159515,0.45420469052101853,1.000925787820231,1.0,0.0,-0.28222001438656313,0.0,0.0
1.0793670515789222,0.0,-0.09891033897404873,-0.6706648801568179,0.3579584418055115,1.000925787820231,0.0,0.0,-1.0780109565747245,1.0,0.0
-0.4687079805853938,0.0,0.10090219072219773,1.90468363915015,-1.3256523179929374,1.000925787820231,1.0,0.0,1.3512459967107253,0.0,1.0
2.1913646098941353,0.0,0.6004335149628139,1.5367767078205832,0.9078253451676551,-0.7316549916403318,1.0,0.0,-0.9702890406519584,0.0,0.0
-0.3923944226618008,0.0,1.7993086931402926,1.1688697764910163,0.1613999561009957,-0.7316549916403318,0.0,0.0,-1.255066241266568,1.0,0.0
-0.19615955942970437,0.0,-1.897223106240267,0.43305591383188263,0.9375620766640343,-0.7316549916403318,1.0,1.0,-0.6332205066425831,1.0,0.0
1.6462677675827562,0.0,0.8002460446590604,0.8009628451614494,0.4312940806026889,-0.7316549916403318,0.0,0.0,-0.9220925991596739,0.0,0.0
-0.6104331595863524,0.0,0.20080845557032098,1.5367767078205832,-1.3256523179929374,1.000925787820231,1.0,1.0,-0.4140792287962366,0.0,0.0
0.13089854595712297,0.0,-0.49853539836654165,0.8009628451614494,0.46029147103458357,-0.7316549916403318,1.0,0.0,0.475127015534688,1.0,0.0
-0.7412564017410833,0.0,-1.6974105765440204,1.90468363915015,1.2641006852057566,-0.7316549916403318,1.0,1.0,0.040548832680090796,0.0,1.0
-1.8532539600562963,0.0,-1.3976917819996508,-1.0385718114863849,1.4797957307963014,-0.7316549916403318,1.0,1.0,-1.0404372864795908,0.0,1.0
-1.057412570281683,0.0,-0.2987228686702952,1.90468363915015,0.8259905693270555,1.000925787820231,1.0,1.0,-0.9318782490402838,1.0,0.0
1.0466612410402394,0.0,-0.49853539836654165,1.1688697764910163,1.0342090160661652,-0.7316549916403318,0.0,0.0,-1.6354211002375354,1.0,0.0
-0.09804212781365618,0.0,-1.097972987455281,0.43305591383188263,0.4230360192195474,-0.7316549916403318,1.0,1.0,1.5197077954421316,0.0,0.0
0.19631016703448842,0.0,0.20080845557032098,-0.3027579488272511,-0.8392392144743985,-0.7316549916403318,1.0,0.0,-0.5137950256907412,0.0,1.0
0.5015643987288606,0.0,0.9001523095071836,1.1688697764910163,-1.3256523179929374,-0.7316549916403318,1.0,0.0,0.45526494920036326,0.0,0.0
-0.4578060437391662,0.0,1.9991212228365391,-0.6706648801568179,0.23947602102585133,-0.7316549916403318,0.0,0.0,0.2983451354942607,1.0,0.0
0.5015643987288606,0.0,0.8002460446590604,0.8009628451614494,0.9042503671887656,-0.7316549916403318,0.0,0.0,-1.6742468641371149,1.0,0.0
0.6868973251147295,0.0,-0.9980667226071578,0.8009628451614494,-1.3256523179929374,1.000925787820231,1.0,0.0,1.2190802020188984,0.0,0.0
-1.3081571177449174,0.0,2.1989337525327857,-0.3027579488272511,0.23815294811759236,2.733506567280793,1.0,0.0,0.14855836249321933,0.0,1.0
-0.5777273490476696,0.0,0.7003397798109371,-1.0385718114863849,0.8106240293483601,-0.7316549916403318,0.0,0.0,-1.7212436948430136,1.0,0.0
-0.30517892789198015,0.0,-0.7982541929109114,-0.3027579488272511,-1.3256523179929374,1.000925787820231,1.0,1.0,-1.0407160373437243,0.0,1.0
-0.6104331595863524,0.0,0.4006209852665674,1.1688697764910163,-1.3256523179929374,1.000925787820231,0.0,0.0,0.18552758804543967,0.0,0.0
2.1913646098941353,0.0,-1.3976917819996508,1.1688697764910163,0.4936031919827713,1.000925787820231,1.0,1.0,0.18458100299833277,1.0,0.0
0.7087011988071846,0.0,1.9991212228365391,-0.6706648801568179,0.021895918750251916,-0.7316549916403318,1.0,0.0,-0.5039744147244332,0.0,0.0
0.38164309342035724,0.0,-0.39862913351841844,1.1688697764910163,-1.3256523179929374,-0.7316549916403318,1.0,1.0,-0.9852742183731942,0.0,0.0
-1.111922254512821,0.0,-0.2987228686702952,0.8009628451614494,0.30993109285772286,-0.7316549916403318,1.0,0.0,-0.1719132845094659,0.0,0.0
0.6650934514222743,0.0,-0.7982541929109114,-1.4064787428159515,-1.3256523179929374,1.000925787820231,1.0,0.0,1.1839720172787918,0.0,1.0
0.38164309342035724,0.0,1.2997773688996765,0.43305591383188263,-1.3256523179929374,1.000925787820231,1.0,1.0,-0.09203560966242072,0.0,0.0
1.1229747989638326,0.0,0.8002460446590604,-1.0385718114863849,-0.04619709453671541,-0.7316549916403318,1.0,0.0,-1.607265525111763,0.0,0.0
-0.1852576225834768,0.0,-0.9980667226071578,-0.6706648801568179,0.8956994997261489,-0.7316549916403318,1.0,0.0,-0.31336396956931684,0.0,1.0
-2.136704318058213,0.0,-1.1978792523034043,0.43305591383188263,-1.3256523179929374,-0.7316549916403318,0.0,0.0,1.7064187389632306,0.0,0.0
0.7414070093458673,0.0,3.4977151955583876,1.5367767078205832,0.9271470225310118,-0.7316549916403318,1.0,1.0,-0.5523648562065576,0.0,0.0
0.06548692487975749,0.0,-0.39862913351841844,-1.4064787428159515,-1.3256523179929374,-0.7316549916403318,1.0,1.0,0.10177566057682431,0.0,1.0
